CPU,minf,mjf,xcal,intr,ithr,csw,icsw,migr,smtx,srw,syscl,usr,sys,st,idl,time
0,0,0,85,285,71,19,0,1,0,0,4,0,1,0,99,04:10:12
1,0,0,26,57,6,63,0,11,1,0,10,0,0,0,100,04:10:12
2,0,0,6,31,11,29,1,1,0,0,6,0,0,0,100,04:10:12
3,0,0,23,52,5,56,0,10,1,0,3,0,0,0,100,04:10:12
4,0,0,5,29,10,28,1,1,0,0,4,0,0,0,100,04:10:12
5,0,0,28,59,9,64,0,11,1,0,10,0,0,0,100,04:10:12
6,0,0,10,38,17,32,1,1,0,0,7,0,0,0,100,04:10:12
7,0,0,24,54,7,56,0,10,1,0,3,0,0,0,100,04:10:12
16,0,0,4,17,5,16,0,1,0,0,3,0,0,0,100,04:10:12
17,0,0,23,52,8,53,0,10,1,0,3,0,0,0,100,04:10:12
18,0,0,9,25,9,24,0,1,1,0,15,0,0,0,100,04:10:12
19,0,0,25,51,5,55,0,10,1,0,6,0,0,0,100,04:10:12
20,0,0,7,28,7,27,0,3,0,0,3,0,0,0,100,04:10:12
21,0,0,23,52,6,54,0,10,1,0,3,0,0,0,100,04:10:12
22,0,0,11,35,9,35,0,4,1,0,11,0,0,0,100,04:10:12
23,0,0,51,131,6,147,0,27,1,0,6,0,1,0,99,04:10:12
32,0,0,10,95,47,77,0,1,1,0,42,0,0,0,100,04:10:12
33,0,0,1,78,38,77,0,1,0,0,39,0,0,0,100,04:10:12
34,0,0,1,81,39,81,0,1,0,0,40,0,0,0,100,04:10:12
35,0,0,4,81,39,80,0,1,1,0,45,0,0,0,100,04:10:12
36,0,0,2,77,37,77,0,1,1,0,41,0,0,0,100,04:10:12
37,0,0,1,78,37,76,0,1,0,0,39,0,0,0,100,04:10:12
38,0,0,1,82,40,80,0,1,0,0,40,0,0,0,100,04:10:12
39,0,0,3,80,38,81,0,1,1,0,45,0,0,0,100,04:10:12
48,0,0,3,79,38,79,0,1,1,0,45,0,0,0,100,04:10:12
49,0,0,2,76,36,76,0,1,1,0,40,0,0,0,100,04:10:12
50,0,0,1,73,35,72,0,1,0,0,37,0,0,0,100,04:10:12
51,0,0,4,77,37,74,0,1,0,0,38,0,0,0,100,04:10:12
52,0,0,4,87,41,88,0,1,1,0,50,0,0,0,100,04:10:12
53,0,0,2,84,41,83,0,1,1,0,45,0,0,0,100,04:10:12
54,0,0,1,82,40,81,0,1,0,0,43,0,0,0,100,04:10:12
55,0,0,14,89,43,92,1,1,1,0,57,0,0,0,100,04:10:12
64,0,0,13,24,1,25,0,6,1,0,2,0,0,0,100,04:10:12
65,0,0,18,40,14,47,0,1,1,0,49,0,0,0,100,04:10:12
66,0,0,19,37,5,42,0,7,1,0,18,0,0,0,100,04:10:12
67,0,0,2,5,1,4,0,0,0,0,3,0,0,0,100,04:10:12
68,0,0,12,25,2,25,0,6,1,0,2,0,0,0,100,04:10:12
69,0,0,20,39,13,47,0,1,1,0,47,0,0,0,100,04:10:12
70,0,0,19,39,6,43,0,7,1,0,18,0,0,0,100,04:10:12
71,0,0,2,5,1,4,0,0,0,0,3,0,0,0,100,04:10:12
80,0,0,11,25,3,25,0,5,0,0,1,0,0,0,100,04:10:12
81,0,0,2,55,26,54,1,0,0,0,3,0,1,0,99,04:10:12
82,0,0,24,50,10,59,0,6,1,0,38,0,0,0,100,04:10:12
83,0,0,7,30,12,30,0,0,1,0,15,0,0,0,100,04:10:12
84,0,0,11,24,2,24,0,5,0,0,1,0,0,0,100,04:10:12
85,0,0,2,56,27,54,1,0,0,0,3,0,1,0,99,04:10:12
86,0,0,31,49,10,58,0,6,1,0,36,0,0,0,100,04:10:12
87,0,0,7,27,11,28,0,0,0,0,15,0,0,0,100,04:10:12
96,0,0,17,36,5,40,0,6,1,0,24,0,0,0,100,04:10:12
97,0,0,1,7,2,7,0,0,0,0,3,0,0,0,100,04:10:12
98,0,0,12,23,1,24,0,6,0,0,2,0,0,0,100,04:10:12
99,0,0,16,42,15,49,0,1,1,0,49,0,0,0,100,04:10:12
100,0,0,18,36,5,40,0,6,1,0,17,0,0,0,100,04:10:12
101,0,0,2,7,2,5,0,0,0,0,2,0,0,0,100,04:10:12
102,0,0,12,24,1,25,0,6,1,0,2,0,0,0,100,04:10:12
103,0,0,17,40,14,47,0,1,1,0,47,0,0,0,100,04:10:12
112,0,0,27,59,12,69,0,7,1,0,45,0,0,0,100,04:10:12
113,0,0,8,17,5,20,0,0,1,0,19,0,0,0,100,04:10:12
114,0,0,11,23,0,24,0,6,0,0,1,0,0,0,100,04:10:12
115,0,0,2,5,2,3,0,0,0,0,2,0,0,0,100,04:10:12
116,0,0,30,59,13,69,0,7,1,0,45,0,0,0,100,04:10:12
117,0,0,9,20,7,21,0,0,1,0,21,0,0,0,100,04:10:12
118,0,0,12,24,1,25,0,6,0,0,2,0,0,0,100,04:10:12
119,0,0,2,6,2,3,0,0,0,0,2,0,0,0,100,04:10:12
0,0,0,76,278,67,6,0,1,0,0,0,0,1,0,99,04:10:17
1,0,0,19,49,0,60,0,11,1,0,0,0,0,0,100,04:10:17
2,0,0,2,5,0,4,0,1,0,0,0,0,0,0,100,04:10:17
3,0,0,21,53,1,59,0,12,3,0,0,0,0,0,100,04:10:17
4,0,0,1,5,0,2,0,0,0,0,0,0,0,0,100,04:10:17
5,0,0,18,46,1,42,0,10,1,0,0,0,0,0,100,04:10:17
6,0,0,18,24,18,8,0,1,1,0,0,0,0,0,100,04:10:17
7,0,0,27,59,0,63,0,14,0,0,0,0,0,0,100,04:10:17
16,0,0,2,8,0,5,0,1,0,0,0,0,0,0,100,04:10:17
17,0,0,18,42,0,45,0,11,1,0,0,0,0,0,100,04:10:17
18,0,0,4,7,2,4,0,1,0,0,0,0,0,0,100,04:10:17
19,0,0,25,52,0,50,0,12,0,0,0,0,0,0,100,04:10:17
20,0,0,9,20,0,23,0,5,1,0,0,0,0,0,100,04:10:17
21,0,0,29,60,1,69,0,13,1,0,0,0,0,0,100,04:10:17
22,0,0,4,15,1,12,0,3,0,0,0,0,0,0,100,04:10:17
23,0,0,53,135,2,149,0,35,5,0,0,0,1,0,99,04:10:17
32,0,0,0,1,0,0,0,0,0,0,0,0,0,0,100,04:10:17
33,0,0,0,1,0,0,0,0,0,0,0,0,0,0,100,04:10:17
34,0,0,0,1,0,0,0,0,0,0,0,0,0,0,100,04:10:17
35,0,0,0,1,0,0,0,0,0,0,0,0,0,0,100,04:10:17
36,0,0,0,1,0,0,0,0,0,0,0,0,0,0,100,04:10:17
37,0,0,0,1,0,0,0,0,0,0,0,0,0,0,100,04:10:17
38,0,0,0,1,0,0,0,0,0,0,3,0,0,0,100,04:10:17
39,0,0,0,1,0,0,0,0,0,0,0,0,0,0,100,04:10:17
48,0,0,0,1,0,0,0,0,0,0,0,0,0,0,100,04:10:17
49,0,0,0,1,0,0,0,0,0,0,0,0,0,0,100,04:10:17
50,0,0,0,1,0,0,0,0,0,0,0,0,0,0,100,04:10:17
51,0,0,0,2,0,1,0,0,0,0,1,0,0,0,100,04:10:17
52,0,0,0,1,0,0,0,0,0,0,0,0,0,0,100,04:10:17
53,0,0,0,1,0,0,0,0,0,0,0,0,0,0,100,04:10:17
54,0,0,0,1,0,0,0,0,0,0,0,0,0,0,100,04:10:17
55,0,0,0,1,0,0,0,0,0,0,0,0,0,0,100,04:10:17
64,0,0,7,18,0,16,0,5,0,0,0,0,0,0,100,04:10:17
65,0,0,13,25,0,46,0,0,0,0,42,0,0,0,100,04:10:17
66,0,0,8,47,14,50,0,6,1,0,16,0,0,0,100,04:10:17
67,0,0,0,1,0,0,0,0,0,0,0,0,0,0,100,04:10:17
68,0,0,6,18,0,19,0,5,0,0,0,0,0,0,100,04:10:17
69,0,0,2,14,4,16,0,1,0,0,17,0,0,0,100,04:10:17
70,0,0,6,19,0,21,0,6,0,0,0,0,0,0,100,04:10:17
71,0,0,0,2,0,1,0,0,0,0,0,0,0,0,100,04:10:17
80,0,0,4,209,100,206,4,3,0,0,4,0,2,0,98,04:10:17
81,0,0,1,3,0,2,0,1,0,0,0,0,0,0,100,04:10:17
82,0,0,7,26,5,27,0,5,0,0,9,0,0,0,100,04:10:17
83,0,0,1,3,0,3,0,0,0,0,3,0,0,0,100,04:10:17
84,0,0,11,20,0,26,0,5,0,0,0,0,0,0,100,04:10:17
85,0,0,0,2,0,1,0,0,0,0,0,0,0,0,100,04:10:17
86,0,0,10,42,9,42,0,7,1,0,16,0,0,0,100,04:10:17
87,0,0,0,2,1,1,0,0,4,0,3,0,0,0,100,04:10:17
96,0,0,36,85,19,110,0,5,0,0,76,0,0,0,100,04:10:17
97,0,0,0,4,1,2,0,0,0,0,0,0,0,0,100,04:10:17
98,0,0,6,18,0,20,0,4,0,0,0,0,0,0,100,04:10:17
99,2,0,1,53,24,50,0,1,1,0,91,0,0,0,99,04:10:17
100,0,0,10,28,1,32,0,6,0,0,18,0,0,0,100,04:10:17
101,0,0,0,1,0,0,0,0,0,0,0,0,0,0,100,04:10:17
102,0,0,7,17,0,16,0,5,0,0,0,0,0,0,100,04:10:17
103,0,0,1,10,4,10,0,0,0,0,25,0,0,0,100,04:10:17
112,0,0,28,47,5,67,0,6,1,0,53,0,0,0,100,04:10:17
113,0,0,0,5,2,5,0,0,0,0,2,0,0,0,100,04:10:17
114,0,0,10,20,0,21,0,5,0,0,0,0,0,0,100,04:10:17
115,0,0,0,3,1,2,0,0,0,0,2,0,0,0,100,04:10:17
116,0,0,6,58,21,58,0,5,4,0,24,0,0,0,100,04:10:17
117,0,0,22,58,23,73,0,0,0,0,79,0,0,0,100,04:10:17
118,0,0,11,21,2,23,0,6,1,0,4,0,0,0,100,04:10:17
119,0,0,1,3,0,3,0,0,0,0,12,0,0,0,100,04:10:17
0,0,0,74,282,67,14,0,2,0,0,0,0,1,0,99,04:10:22
1,0,0,27,57,0,65,0,12,0,0,0,0,0,0,100,04:10:22
2,0,0,2,6,0,4,0,1,0,0,0,0,0,0,100,04:10:22
3,0,0,47,54,1,56,0,13,2,0,0,0,0,0,100,04:10:22
4,0,0,3,7,0,6,0,1,0,0,0,0,0,0,100,04:10:22
5,0,0,17,43,1,42,0,11,1,0,0,0,0,0,100,04:10:22
6,0,0,19,27,17,8,0,2,0,0,0,0,0,0,100,04:10:22
7,0,0,19,39,0,43,0,12,1,0,0,0,0,0,100,04:10:22
16,0,0,2,8,0,6,0,2,0,0,0,0,0,0,100,04:10:22
17,0,0,17,44,0,47,0,14,1,0,0,0,0,0,100,04:10:22
18,0,0,2,5,2,3,0,1,0,0,0,0,0,0,100,04:10:22
19,0,0,24,56,0,62,0,12,1,0,0,0,0,0,100,04:10:22
20,0,0,5,15,0,15,0,3,0,0,0,0,0,0,100,04:10:22
21,0,0,25,59,1,58,0,13,1,0,0,0,0,0,100,04:10:22
22,0,0,7,19,0,15,0,4,0,0,0,0,0,0,100,04:10:22
23,0,0,52,137,1,156,0,37,1,0,0,0,0,0,100,04:10:22
32,0,0,0,1,0,0,0,0,0,0,0,0,0,0,100,04:10:22
33,0,0,0,1,0,0,0,0,0,0,0,0,0,0,100,04:10:22
34,0,0,0,1,0,0,0,0,0,0,0,0,0,0,100,04:10:22
35,0,0,0,1,0,0,0,0,0,0,0,0,0,0,100,04:10:22
36,0,0,0,1,0,0,0,0,0,0,0,0,0,0,100,04:10:22
37,0,0,0,1,0,0,0,0,0,0,0,0,0,0,100,04:10:22
38,0,0,0,1,0,0,0,0,0,0,0,0,0,0,100,04:10:22
39,0,0,0,1,0,0,0,0,0,0,0,0,0,0,100,04:10:22
48,0,0,0,1,0,0,0,0,0,0,0,0,0,0,100,04:10:22
49,0,0,0,1,0,0,0,0,0,0,0,0,0,0,100,04:10:22
50,0,0,0,1,0,0,0,0,0,0,0,0,0,0,100,04:10:22
51,0,0,0,1,0,0,0,0,0,0,1,0,0,0,100,04:10:22
52,0,0,0,1,0,0,0,0,0,0,0,0,0,0,100,04:10:22
53,0,0,0,1,0,0,0,0,0,0,1,0,0,0,100,04:10:22
54,0,0,0,1,0,0,0,0,0,0,0,0,0,0,100,04:10:22
55,0,0,0,1,0,0,0,0,0,0,0,0,0,0,100,04:10:22
64,0,0,11,23,0,22,0,6,1,0,0,0,0,0,100,04:10:22
65,0,0,30,80,19,120,0,1,0,0,115,0,0,0,99,04:10:22
66,0,0,4,53,21,56,0,4,1,0,21,0,0,0,100,04:10:22
67,0,0,0,1,0,0,0,0,0,0,0,0,0,0,100,04:10:22
68,0,0,9,21,0,26,0,5,1,0,0,0,0,0,100,04:10:22
69,0,0,2,11,4,12,0,0,0,0,18,0,0,0,100,04:10:22
70,0,0,9,26,1,27,0,7,1,0,0,0,0,0,100,04:10:22
71,0,0,0,1,0,0,0,0,0,0,0,0,0,0,100,04:10:22
80,0,0,6,211,100,208,5,3,0,0,5,0,2,0,98,04:10:22
81,0,0,2,6,0,4,0,2,0,0,0,0,0,0,100,04:10:22
82,0,0,7,26,2,24,0,7,0,0,7,0,1,0,99,04:10:22
83,0,0,1,3,0,2,0,0,0,0,0,0,0,0,100,04:10:22
84,0,0,6,13,0,12,0,4,0,0,0,0,0,0,100,04:10:22
85,0,0,0,1,0,0,0,0,0,0,0,0,0,0,100,04:10:22
86,0,0,24,45,4,59,0,7,2,0,51,0,0,0,99,04:10:22
87,0,0,0,2,1,1,0,0,3,0,3,0,0,0,100,04:10:22
96,0,0,13,71,22,73,0,8,0,0,34,0,0,0,100,04:10:22
97,0,0,0,3,1,2,0,0,0,0,0,0,0,0,100,04:10:22
98,0,0,10,21,0,21,0,6,0,0,0,0,0,0,100,04:10:22
99,0,0,1,11,4,9,0,0,0,0,46,0,0,0,100,04:10:22
100,0,0,15,28,3,33,0,5,1,0,30,0,0,0,100,04:10:22
101,0,0,0,1,0,0,0,0,0,0,0,0,0,0,100,04:10:22
102,0,0,5,12,0,12,0,4,0,0,0,0,0,0,100,04:10:22
103,0,0,0,10,4,10,0,1,1,0,25,0,2,0,98,04:10:22
112,0,0,13,33,4,38,0,6,0,0,12,0,0,0,100,04:10:22
113,0,0,0,5,2,4,0,0,0,0,2,0,0,0,100,04:10:22
114,0,0,8,16,0,18,0,5,0,0,0,0,1,0,99,04:10:22
115,0,0,0,3,1,2,0,0,0,0,2,0,0,0,100,04:10:22
116,0,0,14,32,3,71,0,9,1,0,79,0,0,0,100,04:10:22
117,0,0,17,45,18,59,0,0,0,0,63,0,0,0,100,04:10:22
118,0,0,7,61,22,61,0,6,0,0,23,0,0,0,100,04:10:22
119,0,0,2,3,0,4,0,0,0,0,13,0,0,0,100,04:10:22
0,0,0,75,278,67,6,0,1,0,0,0,0,1,0,99,04:10:27
1,0,0,20,51,0,60,0,12,1,0,0,0,0,0,100,04:10:27
2,0,0,1,3,0,3,0,1,0,0,0,0,0,0,100,04:10:27
3,0,0,23,48,1,51,0,11,2,0,0,0,1,0,99,04:10:27
4,0,0,2,5,0,4,0,1,0,0,0,0,0,0,100,04:10:27
5,0,0,35,71,1,81,0,14,1,0,0,0,0,0,100,04:10:27
6,0,0,18,22,17,5,0,1,1,0,0,0,0,0,100,04:10:27
7,0,0,15,46,0,57,0,11,1,0,0,0,0,0,100,04:10:27
16,0,0,1,4,0,3,0,1,0,0,0,0,0,0,100,04:10:27
17,0,0,15,35,1,34,0,9,1,0,0,0,0,0,100,04:10:27
18,0,0,30,9,2,6,0,1,0,0,0,0,0,0,100,04:10:27
19,0,0,17,45,0,57,0,8,1,0,0,0,0,0,100,04:10:27
20,0,0,5,16,0,17,0,4,0,0,0,0,0,0,100,04:10:27
21,0,0,20,45,1,47,0,11,0,0,0,0,0,0,100,04:10:27
22,0,0,5,12,0,11,0,3,0,0,0,0,0,0,100,04:10:27
23,0,0,45,112,1,128,0,34,2,0,0,0,0,0,100,04:10:27
32,0,0,0,1,0,0,0,0,0,0,0,0,0,0,100,04:10:27
33,0,0,0,1,0,0,0,0,0,0,0,0,0,0,100,04:10:27
34,0,0,0,1,0,0,0,0,0,0,0,0,0,0,100,04:10:27
35,0,0,0,1,0,0,0,0,0,0,0,0,0,0,100,04:10:27
36,0,0,0,1,0,0,0,0,0,0,0,0,0,0,100,04:10:27
37,0,0,0,1,0,0,0,0,0,0,0,0,0,0,100,04:10:27
38,0,0,0,1,0,0,0,0,0,0,0,0,0,0,100,04:10:27
39,0,0,0,1,0,0,0,0,0,0,0,0,0,0,100,04:10:27
48,0,0,0,1,0,0,0,0,0,0,0,0,0,0,100,04:10:27
49,0,0,0,1,0,0,0,0,0,0,0,0,0,0,100,04:10:27
50,0,0,0,1,0,0,0,0,0,0,0,0,0,0,100,04:10:27
51,0,0,0,2,1,2,0,0,0,0,2,0,0,0,100,04:10:27
52,0,0,0,1,0,0,0,0,0,0,0,0,0,0,100,04:10:27
53,0,0,0,1,0,0,0,0,0,0,0,0,0,0,100,04:10:27
54,0,0,0,1,0,0,0,0,0,0,0,0,0,0,100,04:10:27
55,0,0,1,1,0,0,0,0,0,0,1,0,0,0,100,04:10:27
64,0,0,12,20,1,22,0,5,1,0,0,0,0,0,100,04:10:27
65,0,0,20,46,7,75,0,1,0,0,73,0,0,0,100,04:10:27
66,0,0,9,66,21,63,0,7,0,0,22,0,0,0,100,04:10:27
67,0,0,0,2,0,2,0,0,0,0,4,0,0,0,100,04:10:27
68,0,0,10,21,0,21,0,7,1,0,0,0,0,0,100,04:10:27
69,0,0,4,22,8,23,0,1,0,0,31,0,0,0,100,04:10:27
70,0,0,8,22,0,21,0,6,1,0,0,0,0,0,100,04:10:27
71,0,0,0,1,0,1,0,0,0,0,0,0,0,0,100,04:10:27
80,0,0,3,210,100,207,4,3,1,0,4,0,2,0,98,04:10:27
81,0,0,3,5,0,3,0,1,0,0,0,0,0,0,100,04:10:27
82,0,0,8,23,2,23,0,6,0,0,7,0,0,0,100,04:10:27
83,0,0,0,1,0,0,0,0,0,0,0,0,0,0,100,04:10:27
84,0,0,10,28,0,24,0,6,0,0,0,0,0,0,100,04:10:27
85,0,0,1,3,0,2,0,0,0,0,0,0,0,0,100,04:10:27
86,0,0,28,40,2,60,0,5,0,0,46,0,0,0,100,04:10:27
87,0,0,2,5,1,6,0,0,0,0,15,0,0,0,100,04:10:27
96,0,0,31,117,37,128,0,6,0,0,83,0,0,0,99,04:10:27
97,0,0,0,4,1,3,0,0,0,0,0,0,0,0,100,04:10:27
98,0,0,8,20,0,20,0,5,0,0,0,0,0,0,100,04:10:27
99,0,0,1,4,2,4,0,0,0,0,41,0,0,0,100,04:10:27
100,0,0,17,37,3,46,0,6,1,0,28,0,0,0,100,04:10:27
101,0,0,0,1,0,0,0,0,0,0,0,0,0,0,100,04:10:27
102,0,0,7,17,0,19,0,4,0,0,0,0,0,0,100,04:10:27
103,0,0,0,9,4,9,0,0,0,0,8,0,0,0,100,04:10:27
112,0,0,10,32,5,35,0,7,0,0,29,0,0,0,100,04:10:27
113,0,0,1,5,2,4,0,0,0,0,4,0,0,0,100,04:10:27
114,0,0,7,20,0,18,0,6,1,0,0,0,0,0,100,04:10:27
115,0,0,14,44,15,57,0,1,4,0,58,0,0,0,100,04:10:27
116,0,0,9,26,1,25,0,6,3,0,4,0,0,0,100,04:10:27
117,0,0,0,4,1,3,0,0,0,0,2,0,0,0,100,04:10:27
118,0,0,11,72,24,76,0,8,1,0,27,0,0,0,100,04:10:27
119,0,0,1,4,0,3,0,0,0,0,0,0,0,0,100,04:10:27
0,0,0,86,289,67,28,0,1,0,0,0,0,1,0,99,04:10:32
1,0,0,19,49,0,52,0,11,0,0,0,0,0,0,100,04:10:32
2,0,0,1,7,2,4,0,1,0,0,0,0,0,0,100,04:10:32
3,0,0,45,104,0,96,0,13,2,0,0,0,0,0,100,04:10:32
4,0,0,3,7,0,6,0,1,0,0,0,0,0,0,100,04:10:32
5,0,0,34,64,0,73,0,11,1,0,0,0,0,0,100,04:10:32
6,0,0,17,19,16,3,0,1,0,0,0,0,0,0,100,04:10:32
7,0,0,25,55,1,62,0,15,1,0,0,0,0,0,100,04:10:32
16,0,0,1,3,0,2,0,1,0,0,0,0,0,0,100,04:10:32
17,0,0,20,51,3,51,0,12,0,0,0,0,0,0,100,04:10:32
18,0,0,6,11,2,7,0,1,0,0,0,0,0,0,100,04:10:32
19,0,0,24,53,1,52,0,12,1,0,0,0,0,0,100,04:10:32
20,0,0,6,23,0,24,0,4,1,0,0,0,0,0,100,04:10:32
21,0,0,43,43,1,45,0,11,1,0,0,0,0,0,100,04:10:32
22,0,0,5,20,3,19,0,4,0,0,0,0,0,0,100,04:10:32
23,0,0,61,139,1,174,0,36,3,0,0,0,0,0,100,04:10:32
32,0,0,0,5,4,0,0,0,0,0,0,0,0,0,100,04:10:32
33,0,0,0,1,0,0,0,0,0,0,0,0,0,0,100,04:10:32
34,0,0,0,1,0,0,0,0,0,0,0,0,0,0,100,04:10:32
35,0,0,0,3,2,0,0,0,0,0,0,0,0,0,100,04:10:32
36,0,0,0,1,0,0,0,0,0,0,0,0,0,0,100,04:10:32
37,0,0,0,1,0,0,0,0,0,0,0,0,0,0,100,04:10:32
38,0,0,0,3,2,0,0,0,0,0,0,0,0,0,100,04:10:32
39,0,0,0,2,1,0,0,0,0,0,0,0,0,0,100,04:10:32
48,0,0,0,4,3,0,0,0,0,0,0,0,0,0,100,04:10:32
49,0,0,0,1,0,0,0,0,0,0,0,0,0,0,100,04:10:32
50,0,0,0,1,0,0,0,0,0,0,0,0,0,0,100,04:10:32
51,0,0,0,4,3,0,0,0,0,0,1,0,0,0,100,04:10:32
52,0,0,0,1,0,0,0,0,0,0,0,0,0,0,100,04:10:32
53,0,0,0,3,2,0,0,0,0,0,0,0,0,0,100,04:10:32
54,0,0,0,1,0,0,0,0,0,0,0,0,0,0,100,04:10:32
55,0,0,0,4,3,0,0,0,0,0,0,0,0,0,100,04:10:32
64,0,0,9,22,0,19,0,6,0,0,0,0,0,0,100,04:10:32
65,0,0,4,12,4,12,0,1,0,0,17,0,0,0,100,04:10:32
66,0,0,8,23,1,25,0,6,1,0,1,0,0,0,100,04:10:32
67,0,0,5,33,14,36,0,0,0,0,29,0,0,0,100,04:10:32
68,0,0,9,25,3,22,0,8,0,0,3,0,0,0,100,04:10:32
69,0,0,26,68,24,96,0,0,0,0,93,0,0,0,100,04:10:32
70,0,0,6,29,8,28,0,5,1,0,6,0,0,0,100,04:10:32
71,0,0,2,5,0,4,0,1,0,0,0,0,0,0,100,04:10:32
80,0,0,10,219,102,215,4,4,0,0,4,0,2,0,98,04:10:32
81,0,0,2,4,0,4,0,2,0,0,0,0,0,0,100,04:10:32
82,0,0,12,31,3,41,0,5,0,0,31,0,0,0,100,04:10:32
83,0,0,6,46,21,48,0,1,0,0,35,0,0,0,100,04:10:32
84,0,0,7,17,0,16,0,6,0,0,0,0,0,0,100,04:10:32
85,0,0,0,4,3,0,0,0,0,0,0,0,0,0,100,04:10:32
86,0,0,24,37,1,53,0,6,1,0,31,0,0,0,100,04:10:32
87,0,0,0,4,3,1,0,0,0,0,0,0,0,0,100,04:10:32
96,0,0,8,26,3,25,0,6,1,0,4,0,0,0,100,04:10:32
97,0,0,0,4,1,2,0,0,0,0,3,0,0,0,100,04:10:32
98,0,0,9,22,0,24,0,6,1,0,0,0,0,0,100,04:10:32
99,0,0,5,18,4,22,0,1,0,0,54,0,0,0,100,04:10:32
100,0,0,23,68,16,85,0,6,1,0,78,0,0,0,99,04:10:32
101,0,0,0,3,2,0,0,0,0,0,0,0,0,0,100,04:10:32
102,0,0,8,18,0,16,0,6,0,0,0,0,0,0,100,04:10:32
103,0,0,1,35,18,31,0,0,0,0,19,0,0,0,100,04:10:32
112,0,0,10,31,4,34,0,6,1,0,35,0,2,0,98,04:10:32
113,0,0,6,15,3,18,0,1,0,0,20,0,0,0,100,04:10:32
114,0,0,10,26,0,26,0,6,0,0,0,0,0,0,100,04:10:32
115,0,0,3,14,6,11,0,0,3,0,12,0,0,0,100,04:10:32
116,0,0,17,43,7,51,0,7,3,0,11,0,0,0,100,04:10:32
117,0,0,3,10,4,9,0,1,0,0,1,0,0,0,100,04:10:32
118,0,0,11,39,6,42,0,8,0,0,8,0,0,0,100,04:10:32
119,0,0,0,4,3,0,0,0,0,0,5,0,0,0,100,04:10:32
0,0,0,153,359,66,170,0,1,1,0,0,0,1,0,99,04:10:37
1,0,0,20,41,0,45,0,13,2,0,0,0,0,0,100,04:10:37
2,0,0,2,11,5,4,0,2,0,0,0,0,0,0,100,04:10:37
3,0,0,25,54,0,63,0,16,1,0,0,0,0,0,100,04:10:37
4,0,0,2,6,0,4,0,1,0,0,0,0,0,0,100,04:10:37
5,0,0,26,46,0,51,0,13,1,0,0,0,0,0,100,04:10:37
6,0,0,17,20,17,2,0,1,1,0,0,0,0,0,100,04:10:37
7,0,0,30,51,1,66,0,14,1,0,0,0,0,0,100,04:10:37
16,0,0,2,4,0,4,0,1,1,0,0,0,0,0,100,04:10:37
17,0,0,18,61,5,77,0,14,2,0,0,0,0,0,100,04:10:37
18,0,0,4,11,2,10,0,2,0,0,0,0,0,0,100,04:10:37
19,0,0,24,49,0,53,0,12,0,0,0,0,0,0,100,04:10:37
20,0,0,7,18,1,18,0,6,1,0,0,0,0,0,100,04:10:37
21,0,0,25,54,0,59,0,14,3,0,0,0,0,0,100,04:10:37
22,0,0,6,20,5,13,0,4,0,0,0,0,0,0,100,04:10:37
23,0,0,70,132,1,159,0,38,2,0,0,0,0,0,100,04:10:37
32,0,0,0,6,5,0,0,0,0,0,0,0,0,0,100,04:10:37
33,0,0,0,1,0,0,0,0,0,0,0,0,0,0,100,04:10:37
34,0,0,0,1,0,0,0,0,0,0,0,0,0,0,100,04:10:37
35,0,0,0,7,6,0,0,0,0,0,0,0,0,0,100,04:10:37
36,0,0,0,1,0,0,0,0,0,0,0,0,0,0,100,04:10:37
37,0,0,0,1,0,0,0,0,0,0,0,0,0,0,100,04:10:37
38,0,0,0,8,7,0,0,0,0,0,3,0,0,0,100,04:10:37
39,0,0,0,1,0,0,0,0,0,0,0,0,0,0,100,04:10:37
48,0,0,0,8,7,0,0,0,0,0,0,0,0,0,100,04:10:37
49,0,0,0,1,0,0,0,0,0,0,0,0,0,0,100,04:10:37
50,0,0,0,1,0,0,0,0,0,0,0,0,0,0,100,04:10:37
51,0,0,0,8,7,1,0,0,0,0,1,0,0,0,100,04:10:37
52,0,0,0,1,0,0,0,0,0,0,0,0,0,0,100,04:10:37
53,0,0,0,8,7,0,0,0,0,0,0,0,0,0,100,04:10:37
54,0,0,0,1,0,0,0,0,0,0,0,0,0,0,100,04:10:37
55,0,0,0,8,7,0,0,0,0,0,0,0,0,0,100,04:10:37
64,0,0,9,24,1,24,0,6,0,0,0,0,1,0,99,04:10:37
65,0,0,8,29,13,29,0,1,3,0,30,0,0,0,100,04:10:37
66,0,0,14,32,1,31,0,9,0,0,2,0,0,0,100,04:10:37
67,0,0,0,2,0,1,0,0,0,0,0,0,0,0,100,04:10:37
68,0,0,8,25,7,21,0,6,1,0,0,0,0,0,100,04:10:37
69,0,0,37,83,22,117,0,1,0,0,111,0,0,0,99,04:10:37
70,0,0,7,57,21,56,0,6,0,0,14,0,0,0,100,04:10:37
71,0,0,0,1,0,0,0,0,0,0,0,0,0,0,100,04:10:37
80,0,0,8,218,106,210,3,5,0,0,3,0,2,0,98,04:10:37
81,0,0,1,3,0,2,0,1,0,0,0,0,0,0,100,04:10:37
82,0,0,11,42,10,46,0,7,1,0,20,0,0,0,100,04:10:37
83,0,0,7,28,13,26,0,0,0,0,26,0,0,0,100,04:10:37
84,0,0,9,26,0,24,0,5,0,0,0,0,0,0,100,04:10:37
85,0,0,0,7,6,0,0,0,0,0,0,0,0,0,100,04:10:37
86,0,0,14,39,7,41,0,6,0,0,23,0,0,0,100,04:10:37
87,0,0,0,9,7,1,0,0,0,0,0,0,0,0,100,04:10:37
96,0,0,8,19,0,22,0,7,1,0,2,0,1,0,99,04:10:37
97,0,0,0,3,1,2,0,0,0,0,0,0,0,0,100,04:10:37
98,0,0,12,23,0,24,0,7,0,0,0,0,0,0,100,04:10:37
99,0,0,25,58,14,83,0,1,0,0,109,0,0,0,99,04:10:37
100,0,0,15,38,3,48,0,8,0,0,28,0,0,0,100,04:10:37
101,0,0,0,8,6,1,0,0,0,0,0,0,0,0,100,04:10:37
102,0,0,9,19,0,18,0,5,0,0,0,0,0,0,100,04:10:37
103,0,0,1,16,9,10,0,1,0,0,7,0,0,0,100,04:10:37
112,0,0,8,26,2,31,0,7,1,0,17,0,0,0,100,04:10:37
113,0,0,9,19,4,25,0,0,0,0,29,0,0,0,99,04:10:37
114,0,0,14,30,0,34,0,7,1,0,0,0,0,0,100,04:10:37
115,0,0,0,10,8,2,0,0,0,0,2,0,0,0,100,04:10:37
116,0,0,7,65,22,67,0,9,2,0,26,0,0,0,100,04:10:37
117,0,0,7,27,14,26,0,0,0,0,27,0,0,0,100,04:10:37
118,0,0,12,29,4,33,0,5,0,0,6,0,0,0,100,04:10:37
119,0,0,0,7,5,1,0,0,0,0,0,0,0,0,100,04:10:37
0,0,0,113,318,67,85,0,1,1,0,0,0,1,0,99,04:10:42
1,0,0,30,57,0,67,0,13,2,0,0,0,0,0,100,04:10:42
2,0,0,1,11,6,4,0,1,0,0,0,0,0,0,100,04:10:42
3,0,0,32,74,0,76,0,15,3,0,0,0,0,0,100,04:10:42
4,0,0,3,9,0,6,0,2,0,0,0,0,0,0,100,04:10:42
5,0,0,28,66,0,73,0,13,2,0,0,0,0,0,100,04:10:42
6,0,0,34,43,30,10,0,2,1,0,0,0,0,0,100,04:10:42
7,0,0,44,101,1,97,0,14,3,0,0,0,0,0,100,04:10:42
16,0,0,4,10,0,11,0,2,0,0,0,0,0,0,100,04:10:42
17,0,0,22,59,5,73,0,14,1,0,0,0,1,0,99,04:10:42
18,0,0,5,14,2,10,0,2,1,0,0,0,0,0,100,04:10:42
19,0,0,23,52,1,54,0,11,1,0,0,0,0,0,100,04:10:42
20,0,0,9,23,0,25,0,6,1,0,0,0,0,0,100,04:10:42
21,0,0,47,53,1,56,0,14,1,0,0,0,0,0,100,04:10:42
22,0,0,5,18,5,11,0,2,0,0,0,0,0,0,100,04:10:42
23,0,0,72,155,1,191,0,43,6,0,0,0,0,0,100,04:10:42
32,0,0,0,6,5,0,0,0,0,0,0,0,0,0,100,04:10:42
33,0,0,0,1,0,0,0,0,0,0,0,0,0,0,100,04:10:42
34,0,0,0,1,0,0,0,0,0,0,0,0,0,0,100,04:10:42
35,0,0,0,6,5,0,0,0,0,0,0,0,0,0,100,04:10:42
36,0,0,0,1,0,0,0,0,0,0,0,0,0,0,100,04:10:42
37,0,0,0,1,0,0,0,0,0,0,0,0,0,0,100,04:10:42
38,0,0,0,6,5,0,0,0,0,0,0,0,0,0,100,04:10:42
39,0,0,0,1,0,0,0,0,0,0,0,0,0,0,100,04:10:42
48,0,0,0,7,6,0,0,0,0,0,0,0,0,0,100,04:10:42
49,0,0,0,1,0,0,0,0,0,0,0,0,0,0,100,04:10:42
50,0,0,0,1,0,0,0,0,0,0,0,0,0,0,100,04:10:42
51,0,0,0,7,6,0,0,0,0,0,1,0,0,0,100,04:10:42
52,0,0,0,1,0,0,0,0,0,0,0,0,0,0,100,04:10:42
53,0,0,0,7,6,0,0,0,0,0,0,0,0,0,100,04:10:42
54,0,0,0,1,0,0,0,0,0,0,0,0,0,0,100,04:10:42
55,0,0,0,6,5,0,0,0,0,0,0,0,0,0,100,04:10:42
64,0,0,10,19,0,27,0,6,1,0,0,0,0,0,100,04:10:42
65,0,0,3,15,7,14,0,1,2,0,10,0,0,0,100,04:10:42
66,0,0,12,34,1,39,0,8,1,0,3,0,0,0,100,04:10:42
67,0,0,1,3,0,1,0,0,0,0,0,0,0,0,100,04:10:42
68,0,0,10,26,7,22,0,5,1,0,0,0,0,0,100,04:10:42
69,0,0,13,69,29,82,0,1,0,0,65,0,0,0,100,04:10:42
70,0,0,8,28,6,22,0,7,1,0,1,0,0,0,100,04:10:42
71,0,0,0,3,0,1,0,0,0,0,0,0,0,0,100,04:10:42
80,0,0,8,218,105,211,3,6,2,0,3,0,2,0,98,04:10:42
81,0,0,2,5,0,4,0,1,0,0,0,0,0,0,100,04:10:42
82,0,0,11,31,5,35,0,6,0,0,19,0,0,0,100,04:10:42
83,0,0,6,22,9,24,0,0,0,0,23,0,0,0,100,04:10:42
84,0,0,11,22,0,27,0,7,0,0,0,0,1,0,99,04:10:42
85,0,0,2,10,6,4,0,1,0,0,0,0,0,0,100,04:10:42
86,0,0,24,75,19,96,0,7,3,0,76,0,0,0,100,04:10:42
87,0,0,0,10,7,4,0,1,0,0,2,0,0,0,100,04:10:42
96,0,0,8,20,1,22,0,6,1,0,2,0,0,0,100,04:10:42
97,0,0,0,4,1,3,0,0,1,0,0,0,0,0,100,04:10:42
98,0,0,9,18,0,21,0,6,0,0,0,0,1,0,99,04:10:42
99,0,0,27,66,17,93,0,1,1,0,115,0,0,0,100,04:10:42
100,0,0,22,62,12,76,0,9,1,0,40,0,0,0,99,04:10:42
101,0,0,0,6,5,0,0,0,0,0,0,0,0,0,100,04:10:42
102,0,0,8,18,0,21,0,5,0,0,0,0,0,0,100,04:10:42
103,0,0,14,28,8,35,0,1,1,0,34,0,0,0,100,04:10:42
112,0,0,9,26,2,27,0,6,1,0,17,0,2,0,98,04:10:42
113,0,0,1,11,3,9,0,1,0,0,12,0,0,0,100,04:10:42
114,0,0,9,20,0,25,0,7,0,0,0,0,0,0,100,04:10:42
115,0,0,0,10,7,4,0,0,1,0,2,0,0,0,100,04:10:42
116,0,0,22,57,13,73,0,9,5,0,47,0,0,0,100,04:10:42
117,0,0,6,29,15,26,0,0,0,0,25,0,0,0,100,04:10:42
118,0,0,10,23,1,26,0,6,0,0,0,0,0,0,100,04:10:42
119,0,0,0,7,6,0,0,0,0,0,0,0,0,0,100,04:10:42
0,0,0,75,278,67,6,0,1,0,0,0,0,1,0,99,04:10:47
1,0,0,19,46,0,45,0,11,1,0,0,0,0,0,100,04:10:47
2,0,0,1,7,0,8,0,1,1,0,0,0,0,0,100,04:10:47
3,0,0,17,52,0,60,0,11,0,0,0,0,0,0,100,04:10:47
4,0,0,0,2,0,1,0,0,0,0,0,0,0,0,100,04:10:47
5,0,0,29,63,0,70,0,13,3,0,0,0,0,0,100,04:10:47
6,0,0,32,35,31,3,0,1,1,0,0,0,0,0,100,04:10:47
7,0,0,22,55,1,62,0,13,2,0,0,0,0,0,100,04:10:47
16,0,0,1,5,0,5,0,1,2,0,0,0,0,0,100,04:10:47
17,0,0,20,55,0,60,0,11,1,0,0,0,0,0,100,04:10:47
18,0,0,3,8,2,7,0,1,0,0,0,0,0,0,100,04:10:47
19,0,0,26,53,0,55,0,13,2,0,0,0,0,0,100,04:10:47
20,0,0,5,19,1,20,0,5,1,0,0,0,0,0,100,04:10:47
21,0,0,18,41,1,42,0,10,2,0,0,0,0,0,100,04:10:47
22,0,0,8,20,0,18,0,5,2,0,0,0,0,0,100,04:10:47
23,0,0,83,146,2,173,0,36,3,0,0,0,1,0,99,04:10:47
32,0,0,0,1,0,0,0,0,0,0,0,0,0,0,100,04:10:47
33,0,0,0,1,0,0,0,0,0,0,0,0,0,0,100,04:10:47
34,0,0,0,1,0,0,0,0,0,0,0,0,0,0,100,04:10:47
35,0,0,0,1,0,0,0,0,0,0,0,0,0,0,100,04:10:47
36,0,0,0,1,0,0,0,0,0,0,0,0,0,0,100,04:10:47
37,0,0,0,1,0,0,0,0,0,0,0,0,0,0,100,04:10:47
38,0,0,0,1,0,0,0,0,0,0,0,0,0,0,100,04:10:47
39,0,0,0,1,0,0,0,0,0,0,0,0,0,0,100,04:10:47
48,0,0,0,1,0,0,0,0,0,0,0,0,0,0,100,04:10:47
49,0,0,0,1,0,0,0,0,0,0,0,0,0,0,100,04:10:47
50,0,0,0,1,0,0,0,0,0,0,0,0,0,0,100,04:10:47
51,0,0,0,2,0,1,0,0,0,0,1,0,0,0,100,04:10:47
52,0,0,0,1,0,0,0,0,0,0,0,0,0,0,100,04:10:47
53,0,0,0,1,0,0,0,0,0,0,0,0,0,0,100,04:10:47
54,0,0,0,1,0,0,0,0,0,0,0,0,0,0,100,04:10:47
55,0,0,0,1,0,0,0,0,0,0,0,0,0,0,100,04:10:47
64,0,0,8,19,0,18,0,6,0,0,0,0,0,0,100,04:10:47
65,0,0,2,9,2,11,0,0,5,0,11,0,0,0,100,04:10:47
66,0,0,7,27,2,37,0,5,2,0,6,0,0,0,100,04:10:47
67,0,0,0,2,0,1,0,0,0,0,31,0,0,0,100,04:10:47
68,0,0,10,19,0,18,0,6,1,0,0,0,0,0,100,04:10:47
69,0,0,3,27,12,28,0,0,0,0,18,0,0,0,100,04:10:47
70,0,0,9,21,0,19,0,5,0,0,0,0,0,0,100,04:10:47
71,0,0,0,2,0,1,0,0,0,0,1,0,0,0,100,04:10:47
80,0,0,16,214,100,213,4,4,3,0,4,0,2,0,98,04:10:47
81,0,0,2,5,0,4,0,1,0,0,0,0,0,0,100,04:10:47
82,0,0,4,18,4,20,0,3,0,0,8,0,0,0,100,04:10:47
83,0,0,14,21,0,40,0,0,0,0,46,0,0,0,100,04:10:47
84,0,0,5,14,0,12,0,4,0,0,0,0,0,0,100,04:10:47
85,0,0,0,2,0,0,0,0,0,0,0,0,0,0,100,04:10:47
86,0,0,30,111,37,136,0,5,1,0,99,0,0,0,100,04:10:47
87,0,0,0,42,21,42,0,0,0,0,21,0,0,0,100,04:10:47
96,0,0,9,21,1,22,0,6,1,0,2,0,0,0,100,04:10:47
97,0,0,0,5,1,3,0,0,0,0,1,0,0,0,100,04:10:47
98,0,0,6,14,0,13,0,4,0,0,0,0,0,0,100,04:10:47
99,0,0,10,17,1,30,0,0,0,0,59,0,0,0,100,04:10:47
100,0,0,15,36,3,45,0,7,1,0,28,0,0,0,100,04:10:47
101,0,0,0,2,0,1,0,0,0,0,0,0,0,0,100,04:10:47
102,0,0,9,19,0,21,0,5,0,0,0,0,0,0,100,04:10:47
103,0,0,0,8,3,8,0,0,0,0,7,0,0,0,100,04:10:47
112,0,0,19,33,2,45,0,5,0,0,38,0,0,0,100,04:10:47
113,0,0,0,11,4,9,0,0,1,0,11,0,0,0,100,04:10:47
114,0,0,9,21,0,18,0,6,0,0,0,0,0,0,100,04:10:47
115,0,0,0,4,1,2,0,0,0,0,2,0,0,0,100,04:10:47
116,0,0,33,91,23,115,0,7,2,0,86,0,0,0,99,04:10:47
117,0,0,0,42,20,42,0,1,0,0,20,0,0,0,100,04:10:47
118,0,0,4,13,0,13,0,6,0,0,0,0,1,0,99,04:10:47
119,0,0,0,1,0,0,0,0,0,0,0,0,0,0,100,04:10:47
0,0,0,73,275,65,5,0,1,1,0,0,0,1,0,99,04:10:52
1,0,0,15,40,0,39,0,11,1,0,0,0,0,0,100,04:10:52
2,0,0,2,7,0,7,0,1,0,0,0,0,0,0,100,04:10:52
3,0,0,26,56,0,62,0,15,1,0,0,0,0,0,100,04:10:52
4,0,0,1,3,0,1,0,0,0,0,0,0,0,0,100,04:10:52
5,0,0,26,57,1,58,0,14,1,0,0,0,0,0,100,04:10:52
6,0,0,19,26,17,8,0,1,0,0,0,0,0,0,100,04:10:52
7,0,0,24,54,1,56,0,13,1,0,0,0,0,0,100,04:10:52
16,0,0,3,7,0,6,0,2,0,0,0,0,0,0,100,04:10:52
17,0,0,39,80,40,48,0,10,1,0,0,0,0,0,100,04:10:52
18,0,0,4,8,2,4,0,1,0,0,0,0,0,0,100,04:10:52
19,0,0,18,49,0,62,0,12,1,0,0,0,1,0,99,04:10:52
20,0,0,3,13,0,16,0,4,0,0,0,0,0,0,100,04:10:52
21,0,0,22,51,2,52,0,12,0,0,0,0,0,0,100,04:10:52
22,0,0,10,25,1,22,0,5,0,0,0,0,0,0,100,04:10:52
23,0,0,57,137,1,165,0,36,3,0,0,0,0,0,100,04:10:52
32,0,0,0,1,0,0,0,0,0,0,0,0,0,0,100,04:10:52
33,0,0,0,1,0,33,0,0,0,0,69,0,0,0,100,04:10:52
34,0,0,0,1,0,0,0,0,0,0,0,0,0,0,100,04:10:52
35,0,0,0,1,0,0,0,0,0,0,0,0,0,0,100,04:10:52
36,0,0,0,2,0,1,0,0,0,0,6,0,0,0,100,04:10:52
37,0,0,0,1,0,0,0,0,0,0,0,0,0,0,100,04:10:52
38,0,0,0,1,0,0,0,0,0,0,0,0,0,0,100,04:10:52
39,0,0,0,1,0,0,0,0,0,0,0,0,0,0,100,04:10:52
48,0,0,0,1,0,0,0,0,0,0,0,0,0,0,100,04:10:52
49,0,0,0,1,0,0,0,0,0,0,0,0,0,0,100,04:10:52
50,0,0,0,1,0,0,0,0,0,0,0,0,0,0,100,04:10:52
51,0,0,0,1,0,0,0,0,0,0,1,0,0,0,100,04:10:52
52,0,0,0,1,0,0,0,0,0,0,0,0,0,0,100,04:10:52
53,0,0,0,1,0,0,0,0,0,0,1,0,0,0,100,04:10:52
54,0,0,0,1,0,0,0,0,0,0,0,0,0,0,100,04:10:52
55,0,0,0,1,0,0,0,0,0,0,0,0,0,0,100,04:10:52
64,0,0,7,18,0,16,0,5,0,0,0,0,0,0,100,04:10:52
65,0,0,6,75,25,94,0,1,4,0,93,0,1,0,99,04:10:52
66,0,0,7,29,2,30,0,6,3,0,6,0,0,0,100,04:10:52
67,0,0,0,3,0,1,0,0,0,0,0,0,0,0,100,04:10:52
68,0,0,13,21,0,26,0,5,2,0,0,0,0,0,100,04:10:52
69,0,0,1,10,4,9,0,0,0,0,6,0,0,0,100,04:10:52
70,0,0,19,47,0,67,0,7,0,0,36,0,0,0,100,04:10:52
71,0,0,0,2,0,1,0,0,0,0,0,0,0,0,100,04:10:52
80,0,0,10,215,100,214,4,4,0,0,4,0,2,0,98,04:10:52
81,0,0,2,5,0,3,0,1,0,0,0,0,0,0,100,04:10:52
82,0,0,23,59,19,71,0,5,0,0,67,0,0,0,100,04:10:52
83,0,0,1,3,0,4,0,0,0,0,3,0,0,0,100,04:10:52
84,0,0,8,22,0,19,0,6,0,0,0,0,0,0,100,04:10:52
85,0,0,0,1,0,0,0,0,0,0,0,0,0,0,100,04:10:52
86,0,0,31,113,36,139,0,6,1,0,101,0,0,0,99,04:10:52
87,0,0,0,47,23,46,0,0,0,0,23,0,0,0,100,04:10:52
96,0,0,8,20,1,50,0,5,0,0,70,0,0,0,100,04:10:52
97,0,0,1,5,1,4,0,0,0,0,3,0,0,0,100,04:10:52
98,0,0,9,18,0,19,0,5,0,0,0,0,0,0,100,04:10:52
99,0,0,1,6,1,6,0,0,0,0,40,0,0,0,100,04:10:52
100,0,0,13,34,3,39,0,6,0,0,29,0,0,0,100,04:10:52
101,0,0,1,3,0,1,0,0,0,0,0,0,0,0,100,04:10:52
102,0,0,7,18,0,18,0,6,0,0,0,0,0,0,100,04:10:52
103,0,0,15,26,5,40,0,0,0,0,39,0,0,0,100,04:10:52
112,0,0,17,37,4,40,0,8,3,0,23,0,2,0,98,04:10:52
113,0,0,0,12,3,8,0,1,0,0,11,0,0,0,100,04:10:52
114,0,0,10,24,0,26,0,7,0,0,0,0,0,0,100,04:10:52
115,0,0,0,3,1,2,0,0,0,0,2,0,0,0,100,04:10:52
116,0,0,9,24,4,26,0,5,1,0,12,0,0,0,100,04:10:52
117,0,0,0,9,2,12,0,0,0,0,14,0,0,0,100,04:10:52
118,0,0,7,18,0,18,0,6,0,0,0,0,0,0,100,04:10:52
119,0,0,0,1,0,0,0,0,0,0,0,0,0,0,100,04:10:52
0,0,0,75,279,68,6,0,1,0,0,0,0,0,0,100,04:10:57
1,0,0,24,51,1,56,0,12,1,0,0,0,0,0,100,04:10:57
2,0,0,1,5,0,4,0,1,0,0,0,0,0,0,100,04:10:57
3,0,0,21,47,1,52,0,10,0,0,0,0,0,0,100,04:10:57
4,0,0,2,6,0,5,0,1,0,0,0,0,0,0,100,04:10:57
5,0,0,16,44,0,49,0,11,1,0,0,0,0,0,100,04:10:57
6,0,0,15,17,15,1,0,0,0,0,0,0,0,0,100,04:10:57
7,0,0,22,50,0,55,0,11,2,0,0,0,0,0,100,04:10:57
16,0,0,0,1,0,1,0,0,0,0,0,0,0,0,100,04:10:57
17,0,0,18,44,0,45,0,11,1,0,0,0,0,0,100,04:10:57
18,0,0,3,5,2,2,0,1,0,0,0,0,0,0,100,04:10:57
19,0,0,25,61,1,69,0,12,1,0,0,0,0,0,100,04:10:57
20,0,0,7,23,0,24,0,6,0,0,0,0,0,0,100,04:10:57
21,0,0,23,56,1,56,0,13,3,0,0,0,0,0,100,04:10:57
22,0,0,9,23,0,19,0,4,1,0,0,0,0,0,100,04:10:57
23,0,0,55,138,1,153,0,37,3,0,0,0,0,0,100,04:10:57
32,0,0,0,1,0,0,0,0,0,0,0,0,0,0,100,04:10:57
33,0,0,0,1,0,0,0,0,0,0,0,0,0,0,100,04:10:57
34,0,0,0,1,0,0,0,0,0,0,0,0,0,0,100,04:10:57
35,0,0,0,1,0,0,0,0,0,0,0,0,0,0,100,04:10:57
36,0,0,0,1,0,0,0,0,0,0,0,0,0,0,100,04:10:57
37,0,0,0,1,0,0,0,0,0,0,0,0,0,0,100,04:10:57
38,0,0,0,1,0,0,0,0,0,0,3,0,0,0,100,04:10:57
39,0,0,0,1,0,0,0,0,0,0,0,0,0,0,100,04:10:57
48,0,0,0,1,0,0,0,0,0,0,0,0,0,0,100,04:10:57
49,0,0,0,1,0,0,0,0,0,0,0,0,0,0,100,04:10:57
50,0,0,0,1,0,0,0,0,0,0,0,0,0,0,100,04:10:57
51,0,0,0,2,0,1,0,0,0,0,1,0,0,0,100,04:10:57
52,0,0,0,1,0,0,0,0,0,0,0,0,0,0,100,04:10:57
53,0,0,0,1,0,0,0,0,0,0,0,0,0,0,100,04:10:57
54,0,0,0,1,0,0,0,0,0,0,0,0,0,0,100,04:10:57
55,0,0,0,1,0,0,0,0,0,0,0,0,0,0,100,04:10:57
64,0,0,7,15,0,18,0,5,0,0,0,0,0,0,100,04:10:57
65,0,0,2,55,25,57,0,0,3,0,39,0,0,0,100,04:10:57
66,0,0,8,25,2,26,0,7,0,0,6,0,0,0,100,04:10:57
67,0,0,0,2,0,1,0,0,0,0,0,0,0,0,100,04:10:57
68,0,0,5,14,0,12,0,4,0,0,0,0,0,0,100,04:10:57
69,0,0,1,13,4,12,0,0,0,0,7,0,0,0,100,04:10:57
70,0,0,9,32,0,50,0,4,0,0,32,0,0,0,100,04:10:57
71,0,0,0,2,0,0,0,0,0,0,0,0,0,0,100,04:10:57
80,0,0,15,77,27,83,1,5,0,0,1,0,1,0,99,04:10:57
81,0,0,0,2,0,1,0,0,0,0,0,0,0,0,100,04:10:57
82,0,0,30,66,20,80,0,5,0,0,70,0,0,0,100,04:10:57
83,0,0,0,1,0,0,0,0,0,0,0,0,0,0,100,04:10:57
84,0,0,8,12,0,18,0,4,0,0,0,0,0,0,100,04:10:57
85,0,0,0,150,73,147,2,0,0,0,2,0,1,0,99,04:10:57
86,0,0,25,78,24,102,0,3,1,0,91,0,0,0,100,04:10:57
87,0,0,0,1,0,0,0,0,0,0,0,0,0,0,100,04:10:57
96,0,0,6,20,1,16,0,5,0,0,2,0,0,0,100,04:10:57
97,0,0,0,4,1,2,0,0,0,0,0,0,0,0,100,04:10:57
98,0,0,10,27,0,23,0,7,0,0,0,0,0,0,100,04:10:57
99,0,0,1,4,1,3,0,0,0,0,40,0,0,0,100,04:10:57
100,0,0,40,34,3,40,0,5,0,0,28,0,0,0,100,04:10:57
101,0,0,0,1,0,0,0,0,0,0,0,0,0,0,100,04:10:57
102,0,0,12,20,0,19,0,5,1,0,0,0,0,0,100,04:10:57
103,0,0,20,57,18,76,0,0,0,0,67,0,0,0,100,04:10:57
112,0,0,10,81,27,82,0,7,0,0,43,0,0,0,100,04:10:57
113,0,0,1,12,4,8,0,0,0,0,11,0,0,0,100,04:10:57
114,0,0,8,22,0,22,0,5,0,0,0,0,0,0,100,04:10:57
115,0,0,1,4,1,3,0,0,0,0,2,0,0,0,100,04:10:57
116,0,0,10,28,2,30,0,7,1,0,6,0,0,0,100,04:10:57
117,0,0,0,4,1,3,0,0,0,0,1,0,0,0,100,04:10:57
118,0,0,7,17,0,16,0,4,1,0,0,0,0,0,100,04:10:57
119,0,0,0,3,0,2,0,0,0,0,0,0,0,0,100,04:10:57
0,0,0,75,278,67,7,0,2,0,0,0,0,1,0,99,04:11:02
1,0,0,20,47,0,55,0,11,2,0,0,0,0,0,100,04:11:02
2,0,0,27,5,0,4,0,1,1,0,0,0,0,0,100,04:11:02
3,0,0,22,52,1,58,0,13,1,0,0,0,0,0,100,04:11:02
4,0,0,2,8,0,8,0,1,0,0,0,0,0,0,100,04:11:02
5,0,0,23,53,0,55,0,13,1,0,0,0,0,0,100,04:11:02
6,0,0,32,38,30,7,0,2,1,0,0,0,0,0,100,04:11:02
7,0,0,21,50,0,54,0,13,2,0,0,0,0,0,100,04:11:02
16,0,0,2,7,1,6,0,1,2,0,0,0,0,0,100,04:11:02
17,0,0,25,50,0,56,0,11,2,0,0,0,0,0,100,04:11:02
18,0,0,3,6,2,4,0,1,0,0,0,0,0,0,100,04:11:02
19,0,0,29,57,1,63,0,12,2,0,0,0,0,0,100,04:11:02
20,0,0,4,21,0,26,0,3,0,0,0,0,0,0,100,04:11:02
21,0,0,17,44,0,48,0,10,2,0,0,0,0,0,100,04:11:02
22,0,0,9,25,1,23,0,7,0,0,0,0,0,0,100,04:11:02
23,0,0,55,140,3,157,0,40,2,0,0,0,0,0,100,04:11:02
32,0,0,0,1,0,0,0,0,0,0,0,0,0,0,100,04:11:02
33,0,0,0,1,0,0,0,0,0,0,0,0,0,0,100,04:11:02
34,0,0,0,1,0,0,0,0,0,0,0,0,0,0,100,04:11:02
35,0,0,0,1,0,0,0,0,0,0,0,0,0,0,100,04:11:02
36,0,0,0,1,0,0,0,0,0,0,0,0,0,0,100,04:11:02
37,0,0,0,1,0,0,0,0,0,0,0,0,0,0,100,04:11:02
38,0,0,0,1,0,0,0,0,0,0,0,0,0,0,100,04:11:02
39,0,0,0,2,1,0,0,0,0,0,0,0,0,0,100,04:11:02
48,0,0,0,1,0,0,0,0,0,0,0,0,0,0,100,04:11:02
49,0,0,0,1,0,0,0,0,0,0,0,0,0,0,100,04:11:02
50,0,0,0,1,0,0,0,0,0,0,0,0,0,0,100,04:11:02
51,0,0,0,1,0,0,0,0,0,0,1,0,0,0,100,04:11:02
52,0,0,0,1,0,0,0,0,0,0,0,0,0,0,100,04:11:02
53,0,0,0,1,0,0,0,0,0,0,0,0,0,0,100,04:11:02
54,0,0,0,1,0,0,0,0,0,0,0,0,0,0,100,04:11:02
55,0,0,0,1,0,0,0,0,0,0,0,0,0,0,100,04:11:02
64,0,0,7,17,0,16,0,5,0,0,0,0,0,0,100,04:11:02
65,0,0,2,37,15,38,0,1,3,0,27,0,0,0,100,04:11:02
66,0,0,6,27,3,34,0,7,1,0,12,0,0,0,100,04:11:02
67,0,0,0,1,0,0,0,0,0,0,0,0,0,0,100,04:11:02
68,0,0,9,20,0,19,0,5,0,0,0,0,0,0,100,04:11:02
69,0,0,33,96,35,127,0,1,0,0,130,0,0,0,99,04:11:02
70,0,0,8,21,0,22,0,7,1,0,3,0,0,0,100,04:11:02
71,0,0,0,2,0,1,0,0,0,0,0,0,0,0,100,04:11:02
80,0,0,9,12,0,15,0,5,2,0,0,0,0,0,100,04:11:02
81,0,0,0,1,0,0,0,0,0,0,0,0,0,0,100,04:11:02
82,0,0,15,43,8,47,0,7,2,0,31,0,0,0,100,04:11:02
83,0,0,0,3,0,4,0,1,0,0,0,0,0,0,100,04:11:02
84,0,0,5,15,0,14,0,5,0,0,0,0,0,0,100,04:11:02
85,0,0,0,205,100,200,4,0,0,0,4,0,2,0,98,04:11:02
86,0,0,13,38,5,42,0,6,0,0,36,0,2,0,98,04:11:02
87,0,0,0,2,0,1,0,0,0,0,0,0,0,0,100,04:11:02
96,0,0,6,22,0,33,0,6,1,0,16,0,1,0,99,04:11:02
97,0,0,0,4,1,3,0,0,1,0,0,0,0,0,100,04:11:02
98,0,0,6,13,0,13,0,4,0,0,0,0,0,0,100,04:11:02
99,0,0,1,27,11,28,0,1,2,0,51,0,0,0,100,04:11:02
100,0,0,14,33,4,39,0,6,1,0,37,0,0,0,99,04:11:02
101,0,0,0,1,0,0,0,0,0,0,0,0,0,0,100,04:11:02
102,0,0,5,11,0,10,0,4,0,0,0,0,0,0,100,04:11:02
103,0,0,20,27,3,46,0,0,0,0,47,0,0,0,100,04:11:02
112,0,0,10,107,43,110,0,5,1,0,50,0,0,0,100,04:11:02
113,0,0,2,9,3,8,0,0,0,0,15,0,0,0,100,04:11:02
114,0,0,12,23,1,27,0,7,2,0,0,0,0,0,100,04:11:02
115,0,0,0,3,1,2,0,0,0,0,2,0,0,0,100,04:11:02
116,0,0,8,27,2,24,0,6,3,0,10,0,0,0,100,04:11:02
117,0,0,7,22,1,39,0,0,0,0,33,0,0,0,100,04:11:02
118,0,0,9,20,0,21,0,6,1,0,0,0,0,0,100,04:11:02
119,0,0,1,3,0,2,0,1,0,0,4,0,0,0,100,04:11:02
0,0,0,77,282,66,14,0,1,2,0,0,0,1,0,99,04:11:07
1,0,0,16,36,0,37,0,10,2,0,0,0,0,0,100,04:11:07
2,0,0,3,10,2,6,0,1,0,0,0,0,0,0,100,04:11:07
3,0,0,21,52,0,63,0,14,1,0,0,0,1,0,99,04:11:07
4,0,0,4,11,0,11,0,2,1,0,0,0,0,0,100,04:11:07
5,0,0,19,47,1,54,0,12,2,0,0,0,0,0,100,04:11:07
6,0,0,32,36,30,4,0,1,0,0,0,0,0,0,100,04:11:07
7,0,0,16,43,0,42,0,10,1,0,0,0,0,0,100,04:11:07
16,0,0,4,5,0,6,0,1,1,0,0,0,0,0,100,04:11:07
17,0,0,29,54,2,60,0,13,4,0,0,0,0,0,100,04:11:07
18,0,0,5,8,2,6,0,1,1,0,0,0,0,0,100,04:11:07
19,0,0,22,43,0,45,0,10,2,0,0,0,0,0,100,04:11:07
20,0,0,6,20,1,26,0,5,1,0,0,0,0,0,100,04:11:07
21,0,0,21,44,0,46,0,12,1,0,0,0,0,0,100,04:11:07
22,0,0,14,34,0,32,0,6,0,0,0,0,0,0,100,04:11:07
23,0,0,57,146,2,183,0,38,4,0,0,0,0,0,100,04:11:07
32,0,0,0,1,0,0,0,0,0,0,0,0,0,0,100,04:11:07
33,0,0,0,1,0,0,0,0,0,0,0,0,0,0,100,04:11:07
34,0,0,0,1,0,0,0,0,0,0,0,0,0,0,100,04:11:07
35,0,0,0,1,0,0,0,0,0,0,0,0,0,0,100,04:11:07
36,0,0,0,1,0,0,0,0,0,0,0,0,0,0,100,04:11:07
37,0,0,0,1,0,0,0,0,0,0,0,0,0,0,100,04:11:07
38,0,0,0,1,0,0,0,0,0,0,0,0,0,0,100,04:11:07
39,0,0,0,1,0,0,0,0,0,0,0,0,0,0,100,04:11:07
48,0,0,0,1,0,0,0,0,0,0,0,0,0,0,100,04:11:07
49,0,0,0,1,0,0,0,0,0,0,0,0,0,0,100,04:11:07
50,0,0,0,1,0,0,0,0,0,0,0,0,0,0,100,04:11:07
51,0,0,0,2,0,1,0,0,0,0,1,0,0,0,100,04:11:07
52,0,0,0,1,0,0,0,0,0,0,0,0,0,0,100,04:11:07
53,0,0,0,1,0,0,0,0,0,0,0,0,0,0,100,04:11:07
54,0,0,0,1,0,0,0,0,0,0,0,0,0,0,100,04:11:07
55,0,0,0,1,0,0,0,0,0,0,0,0,0,0,100,04:11:07
64,0,0,8,23,0,21,0,5,1,0,0,0,0,0,100,04:11:07
65,0,0,1,9,1,11,0,1,3,0,5,0,0,0,100,04:11:07
66,0,0,26,72,23,83,0,6,1,0,62,0,0,0,100,04:11:07
67,0,0,0,1,0,0,0,0,0,0,3,0,0,0,100,04:11:07
68,0,0,4,13,0,12,0,4,1,0,0,0,0,0,100,04:11:07
69,0,0,7,34,12,41,0,0,1,0,37,0,0,0,100,04:11:07
70,0,0,7,21,0,20,0,7,1,0,0,0,1,0,99,04:11:07
71,0,0,1,2,0,1,0,0,0,0,0,0,0,0,100,04:11:07
80,0,0,7,18,0,16,0,5,0,0,0,0,0,0,100,04:11:07
81,0,0,0,1,0,0,0,0,0,0,0,0,0,0,100,04:11:07
82,0,0,18,52,14,66,0,4,2,0,55,0,0,0,100,04:11:07
83,0,0,0,1,0,0,0,0,0,0,0,0,0,0,100,04:11:07
84,0,0,13,22,0,27,0,6,0,0,0,0,0,0,100,04:11:07
85,0,0,0,206,100,202,5,0,0,0,5,0,2,0,98,04:11:07
86,0,0,7,38,12,40,0,4,2,0,30,0,0,0,100,04:11:07
87,0,0,0,4,1,3,0,0,0,0,1,0,0,0,100,04:11:07
96,0,0,9,29,0,33,0,6,1,0,13,0,0,0,100,04:11:07
97,0,0,0,3,1,2,0,0,0,0,0,0,0,0,100,04:11:07
98,0,0,3,10,0,8,0,4,0,0,0,0,0,0,100,04:11:07
99,0,0,1,27,12,25,0,0,0,0,51,0,0,0,100,04:11:07
100,0,0,7,23,5,21,0,4,0,0,32,0,0,0,100,04:11:07
101,0,0,0,1,0,0,0,0,0,0,0,0,0,0,100,04:11:07
102,0,0,11,26,0,32,0,7,0,0,0,0,0,0,100,04:11:07
103,0,0,20,42,8,71,0,1,1,0,70,0,0,0,100,04:11:07
112,0,0,13,83,30,84,0,6,0,0,33,0,0,0,100,04:11:07
113,0,0,2,7,2,8,0,0,0,0,9,0,0,0,100,04:11:07
114,0,0,11,25,1,27,0,7,0,0,0,0,0,0,100,04:11:07
115,0,0,0,4,1,3,0,0,0,0,2,0,0,0,100,04:11:07
116,0,0,17,50,10,58,0,7,2,0,36,0,0,0,100,04:11:07
117,0,0,9,25,1,44,0,0,0,0,37,0,0,0,100,04:11:07
118,0,0,7,18,0,20,0,6,2,0,0,0,0,0,100,04:11:07
119,0,0,0,2,1,0,0,0,0,0,0,0,0,0,100,04:11:07
0,0,0,168,375,67,204,0,1,0,0,0,0,2,0,98,04:11:12
1,0,0,21,44,0,51,0,12,1,0,0,0,0,0,100,04:11:12
2,0,0,2,13,8,3,0,1,0,0,0,0,0,0,100,04:11:12
3,0,0,24,50,0,59,0,14,0,0,0,0,0,0,100,04:11:12
4,0,0,1,3,0,2,0,1,0,0,0,0,0,0,100,04:11:12
5,0,0,27,50,0,59,0,14,1,0,0,0,0,0,100,04:11:12
6,0,0,17,21,16,3,0,1,1,0,0,0,0,0,100,04:11:12
7,0,0,30,58,0,63,0,15,0,0,0,0,0,0,100,04:11:12
16,0,0,3,13,1,20,0,2,0,0,0,0,0,0,100,04:11:12
17,0,0,28,68,9,65,0,15,2,0,0,0,0,0,100,04:11:12
18,0,0,4,7,2,3,0,1,0,0,0,0,0,0,100,04:11:12
19,0,0,29,53,0,60,0,17,1,0,0,0,0,0,100,04:11:12
20,0,0,7,19,0,21,0,5,2,0,0,0,0,0,100,04:11:12
21,0,0,27,53,1,54,0,14,1,0,0,0,0,0,100,04:11:12
22,0,0,17,45,9,37,0,6,1,0,0,0,0,0,100,04:11:12
23,0,0,71,142,1,169,0,43,2,0,0,0,1,0,99,04:11:12
32,0,0,0,10,9,0,0,0,0,0,0,0,0,0,100,04:11:12
33,0,0,0,1,0,0,0,0,0,0,0,0,0,0,100,04:11:12
34,0,0,0,1,0,0,0,0,0,0,0,0,0,0,100,04:11:12
35,0,0,0,10,9,0,0,0,0,0,0,0,0,0,100,04:11:12
36,0,0,0,1,0,0,0,0,0,0,0,0,0,0,100,04:11:12
37,0,0,0,1,0,0,0,0,0,0,0,0,0,0,100,04:11:12
38,0,0,0,10,9,0,0,0,0,0,0,0,0,0,100,04:11:12
39,0,0,0,1,0,0,0,0,0,0,0,0,0,0,100,04:11:12
48,0,0,0,10,9,0,0,0,0,0,0,0,0,0,100,04:11:12
49,0,0,0,1,0,0,0,0,0,0,0,0,0,0,100,04:11:12
50,0,0,0,1,0,0,0,0,0,0,0,0,0,0,100,04:11:12
51,0,0,0,10,9,0,0,0,0,0,1,0,0,0,100,04:11:12
52,0,0,0,1,0,0,0,0,0,0,0,0,0,0,100,04:11:12
53,0,0,0,10,9,0,0,0,0,0,0,0,0,0,100,04:11:12
54,0,0,0,1,0,0,0,0,0,0,0,0,0,0,100,04:11:12
55,0,0,0,10,9,0,0,0,0,0,0,0,0,0,100,04:11:12
64,0,0,10,24,0,24,0,7,0,0,0,0,0,0,100,04:11:12
65,0,0,2,19,12,11,0,1,3,0,23,0,0,0,100,04:11:12
66,0,0,58,111,27,162,0,6,2,0,159,0,1,0,99,04:11:12
67,0,0,1,3,0,2,0,0,0,0,0,0,0,0,100,04:11:12
68,0,0,10,34,10,24,0,7,1,0,0,0,0,0,100,04:11:12
69,0,0,1,14,4,16,0,0,0,0,11,0,0,0,100,04:11:12
70,0,0,16,42,8,40,0,11,1,0,0,0,0,0,100,04:11:12
71,0,0,0,2,0,0,0,0,0,0,0,0,0,0,100,04:11:12
80,0,0,7,25,8,23,0,7,0,0,0,0,0,0,100,04:11:12
81,0,0,0,1,0,1,0,0,0,0,0,0,0,0,100,04:11:12
82,0,0,7,17,0,18,0,4,1,0,9,0,0,0,100,04:11:12
83,0,0,18,28,9,36,0,0,0,0,36,0,0,0,100,04:11:12
84,0,0,7,18,0,18,0,6,0,0,0,0,0,0,100,04:11:12
85,0,0,0,213,110,201,3,0,0,0,3,0,2,0,98,04:11:12
86,0,0,11,39,9,44,0,7,0,0,19,0,0,0,100,04:11:12
87,0,0,0,11,9,0,0,0,0,0,0,0,0,0,100,04:11:12
96,0,0,12,28,1,32,0,9,0,0,3,0,0,0,100,04:11:12
97,0,0,1,6,1,4,0,1,0,0,3,0,0,0,100,04:11:12
98,0,0,33,17,0,19,0,6,1,0,0,0,0,0,100,04:11:12
99,0,0,0,38,23,29,0,0,0,0,69,0,2,0,98,04:11:12
100,0,0,8,20,2,21,0,7,0,0,4,0,0,0,100,04:11:12
101,0,0,0,10,9,0,0,0,0,0,0,0,0,0,100,04:11:12
102,0,0,16,34,0,47,0,8,2,0,0,0,0,0,100,04:11:12
103,0,0,3,27,15,20,0,1,0,0,17,0,0,0,100,04:11:12
112,0,0,14,77,24,87,0,9,1,0,28,0,0,0,100,04:11:12
113,0,0,2,7,2,8,0,0,0,0,9,0,0,0,100,04:11:12
114,0,0,10,26,0,23,0,7,0,0,0,0,0,0,100,04:11:12
115,0,0,1,13,9,3,0,1,0,0,2,0,0,0,100,04:11:12
116,0,0,29,87,22,107,0,7,2,0,85,0,0,0,100,04:11:12
117,0,0,8,33,11,38,0,0,0,0,39,0,0,0,99,04:11:12
118,0,0,10,21,0,24,0,7,1,0,0,0,0,0,100,04:11:12
119,0,0,0,9,8,0,0,0,0,0,0,0,0,0,100,04:11:12
0,0,0,80,284,67,18,0,1,0,0,0,0,1,0,99,04:11:17
1,0,0,24,52,0,59,0,14,1,0,0,0,0,0,100,04:11:17
2,0,0,3,15,6,9,0,2,0,0,0,0,0,0,100,04:11:17
3,0,0,29,59,0,76,0,14,1,0,0,0,0,0,100,04:11:17
4,0,0,0,2,0,2,0,1,0,0,0,0,0,0,100,04:11:17
5,0,0,36,77,0,80,0,13,1,0,0,0,1,0,99,04:11:17
6,0,0,18,22,16,4,0,1,1,0,0,0,0,0,100,04:11:17
7,0,0,19,43,0,53,0,13,2,0,0,0,0,0,100,04:11:17
16,0,0,1,4,0,2,0,1,0,0,0,0,0,0,100,04:11:17
17,0,0,24,57,6,58,0,15,1,0,0,0,0,0,100,04:11:17
18,0,0,3,6,2,3,0,1,1,0,0,0,0,0,100,04:11:17
19,0,0,22,54,0,57,0,14,1,0,0,0,0,0,100,04:11:17
20,0,0,6,17,0,20,0,3,0,0,0,0,0,0,100,04:11:17
21,0,0,20,47,1,49,0,13,1,0,0,0,0,0,100,04:11:17
22,0,0,13,38,6,28,0,6,1,0,0,0,0,0,100,04:11:17
23,0,0,89,148,2,170,0,41,2,0,0,0,0,0,100,04:11:17
32,0,0,0,6,5,0,0,0,0,0,0,0,0,0,100,04:11:17
33,0,0,0,1,0,0,0,0,0,0,0,0,0,0,100,04:11:17
34,0,0,0,1,0,0,0,0,0,0,0,0,0,0,100,04:11:17
35,0,0,0,6,5,0,0,0,0,0,0,0,0,0,100,04:11:17
36,0,0,0,1,0,0,0,0,0,0,0,0,0,0,100,04:11:17
37,0,0,0,1,0,0,0,0,0,0,0,0,0,0,100,04:11:17
38,0,0,0,6,5,0,0,0,0,0,3,0,0,0,100,04:11:17
39,0,0,0,1,0,0,0,0,0,0,0,0,0,0,100,04:11:17
48,0,0,0,7,5,1,0,0,0,0,0,0,0,0,100,04:11:17
49,0,0,0,1,0,0,0,0,0,0,0,0,0,0,100,04:11:17
50,0,0,0,1,0,0,0,0,0,0,0,0,0,0,100,04:11:17
51,0,0,0,7,5,1,0,0,0,0,1,0,0,0,100,04:11:17
52,0,0,0,1,0,0,0,0,0,0,0,0,0,0,100,04:11:17
53,0,0,0,6,5,0,0,0,0,0,0,0,0,0,100,04:11:17
54,0,0,0,1,0,0,0,0,0,0,0,0,0,0,100,04:11:17
55,0,0,0,6,5,0,0,0,0,0,0,0,0,0,100,04:11:17
64,0,0,5,12,0,13,0,5,0,0,0,0,0,0,100,04:11:17
65,0,0,2,17,10,10,0,0,4,0,18,0,0,0,100,04:11:17
66,0,0,32,96,29,125,0,8,0,0,104,0,0,0,99,04:11:17
67,0,0,0,1,0,0,0,0,0,0,0,0,0,0,100,04:11:17
68,0,0,12,29,6,28,0,6,1,0,0,0,0,0,100,04:11:17
69,0,0,11,28,8,39,0,0,0,0,37,0,0,0,100,04:11:17
70,0,0,16,39,6,41,0,9,1,0,0,0,0,0,100,04:11:17
71,0,0,1,2,0,1,0,0,0,0,0,0,0,0,100,04:11:17
80,0,0,8,25,5,25,0,6,1,0,0,0,0,0,100,04:11:17
81,0,0,0,1,0,0,0,0,0,0,0,0,0,0,100,04:11:17
82,0,0,11,19,0,27,0,6,1,0,14,0,0,0,100,04:11:17
83,0,0,21,28,5,43,0,0,0,0,43,0,0,0,100,04:11:17
84,0,0,9,21,0,20,0,7,0,0,0,0,0,0,100,04:11:17
85,0,0,0,209,105,200,4,0,0,0,4,0,2,0,98,04:11:17
86,0,0,13,28,2,36,0,6,0,0,19,0,0,0,100,04:11:17
87,0,0,1,9,6,2,0,1,0,0,0,0,0,0,100,04:11:17
96,0,0,28,68,14,81,0,8,2,0,54,0,0,0,100,04:11:17
97,0,0,0,5,1,4,0,1,0,0,0,0,0,0,100,04:11:17
98,0,0,10,25,0,23,0,6,1,0,0,0,0,0,100,04:11:17
99,0,0,12,66,26,76,0,1,0,0,111,0,0,0,100,04:11:17
100,0,0,8,21,1,24,0,7,0,0,2,0,0,0,100,04:11:17
101,0,0,35,92,4,71,0,1,1,0,0,0,1,0,99,04:11:17
102,0,0,14,26,0,29,0,6,0,0,0,0,0,0,100,04:11:17
103,0,0,0,16,10,10,0,0,0,0,9,0,0,0,100,04:11:17
112,0,0,10,73,25,73,0,7,0,0,29,0,0,0,100,04:11:17
113,0,0,3,8,2,9,0,0,0,0,9,0,0,0,100,04:11:17
114,0,0,7,13,0,14,0,5,0,0,0,0,0,0,100,04:11:17
115,0,0,0,9,7,2,0,0,0,0,2,0,0,0,100,04:11:17
116,0,0,31,83,10,86,0,9,2,0,33,0,0,0,100,04:11:17
117,0,0,0,15,9,6,0,0,0,0,11,0,0,0,100,04:11:17
118,0,0,5,13,0,12,0,4,0,0,0,0,0,0,100,04:11:17
119,0,0,0,8,5,1,0,0,0,0,0,0,0,0,100,04:11:17
